{"Plan1": {"Name": ["WASATCH BLVD @ 3900 S"], "Latitude": [40.68777904], "Longitude": [-111.796627]}, "Plan2": {"Name": ["3650 S @ 2880 W", "300 S @ 600 W", "490 W @ 240 N"], "Latitude": [40.69366901, 40.7631039, 40.77460499], "Longitude": [-111.96007, -111.9090225, -111.904984]}, "Plan3": {"Name": ["WASATCH BLVD @ 3900 S", "5600 W @ 4211 S", "OLD BINGHAM HWY @ 4786 W", "300 S @ 600 W", "NORTH MEDICAL DR @ 50 N", "Sandy Civic - Temp Bus Loop", "CENTRAL CAMPUS DRIVE @ 260 S", "2100 S @ 221 W", "WINCHESTER DR @ 222 W", "180 W @ 7250 S", "WALL AVE @ 1725 S", "FREEDOM BLVD @ 610 S", "ASHTON BLVD @ 3101 N", "900 S @ 1350 W", "750 E @ 1145 S", "STATE ST @ 355 S", "ADAMS AVE @ 5558 S", "EDVALSON STREET @ 1297 E", "RING RD @ 425 W    (LAYTON MALL)", "3500 W @ 5515 S    (ROY)", "490 W @ 210 N"], "Latitude": [40.68777904, 40.67938304, 40.58171702, 40.7631039, 40.77253498, 40.57026696, 40.764348, 40.72484902, 40.63360202, 40.61848701, 41.23605601, 40.22522001, 40.42583598, 40.28054304, 40.27622, 40.76141204, 41.162981, 41.19487199, 41.07892103, 41.16294097, 40.774009], "Longitude": [-111.796627, -112.0246039, -112.004673, -111.9090225, -111.837594, -111.884643, -111.844861, -111.897436, -111.898186, -111.897713, -111.978676, -111.660967, -111.895924, -111.726206, -111.676958, -111.888079, -111.968499, -111.9449259, -111.974571, -112.0645909, -111.904983]}}